User,PageRank,Eigenvector Centrality,Betweenness Centrality
6829613641,0.0006810953120139028,0.0003969210071502961,0.0
3433367161927263744,0.0009703141881418995,0.03135675956487339,0.0
4368436126,0.0006810953120139028,0.0003969210071502961,0.0
3433711400459979264,0.0006926640670590227,0.03135675956487339,0.0
3433695610198333440,0.0009703141881418995,0.03135675956487339,0.0
3433711300769955328,0.0006926640670590227,0.03135675956487339,0.0
4477637151,0.0006810953120139028,0.0003969210071502961,0.0
3433661066984859136,0.0012595330642698962,0.03135675956487339,0.0
3433684698782593536,0.0006926640670590227,0.03135675956487339,0.0
60638148745,0.0006810953120139028,0.0003969210071502961,0.0
3433667828496168960,0.0009703141881418995,0.03135675956487339,0.0
3433682695507446272,0.0006926640670590227,0.03135675956487339,0.0
25027910704,0.0006810953120139028,0.0003969210071502961,0.0
3433239544196100608,0.0012595330642698962,0.03135675956487339,0.0
3433650105413266432,0.0006926640670590227,0.03135675956487339,0.0
62527334861,0.0006810953120139028,0.0003969210071502961,0.0
3433614291443004416,0.0012595330642698962,0.03135675956487339,0.0
3433614450314352128,0.0006926640670590227,0.03135675956487339,0.0
26446843587,0.0006810953120139028,0.0003969210071502961,0.0
3433226412854150656,0.0012595330642698962,0.03135675956487339,0.0
3433230561834107904,0.0006926640670590227,0.03135675956487339,0.0
11696666179,0.0006810953120139028,0.0003969210071502961,0.0
3433060475476144640,0.0009703141881418995,0.03135675956487339,0.0
3433093293328595968,0.0006926640670590227,0.03135675956487339,0.0
24803122061,0.0006810953120139028,0.0003969210071502961,0.0
3433083826567785472,0.0012595330642698962,0.03135675956487339,0.0
3433084098130878464,0.0006926640670590227,0.03135675956487339,0.0
9448418453,0.0006810953120139028,0.0003969210071502961,0.0
3432537181014762496,0.0012595330642698962,0.03135675956487339,0.0
3433082663544702464,0.0006926640670590227,0.03135675956487339,0.0
1216361658,0.0006810953120139028,0.0003969210071502961,0.0
3432962407338838528,0.0012595330642698962,0.03135675956487339,0.0
3433069565966318080,0.0006926640670590227,0.03135675956487339,0.0
3061845787,0.0006810953120139028,0.0003969210071502961,0.0
3432986972815520256,0.0012595330642698962,0.03135675956487339,0.0
3433024605971936768,0.0006926640670590227,0.03135675956487339,0.0
2363942868,0.0006810953120139028,0.0003969210071502961,0.0
3433023801161881600,0.0012595330642698962,0.03135675956487339,0.0
3433024397615803392,0.0006926640670590227,0.03135675956487339,0.0
3432967874420957696,0.0009703141881418995,0.03135675956487339,0.0
3432968183783609344,0.0006926640670590227,0.03135675956487339,0.0
33244042,0.0006810953120139028,0.0003969210071502961,0.0
3414451412958320640,0.0012595330642698962,0.03135675956487339,0.0
3414453204277238272,0.0006926640670590227,0.03135675956487339,0.0
365003611,0.0006810953120139028,0.0003969210071502961,0.0
3412976979114511360,0.0012595330642698962,0.03135675956487339,0.0
3413478750713589248,0.0006926640670590227,0.03135675956487339,0.0
7427825809,0.0006810953120139028,0.0003969210071502961,0.0
3381029823785260032,0.0012595330642698962,0.03135675956487339,0.0
3381042702368995840,0.0006926640670590227,0.03135675956487339,0.0
2104884685,0.0006810953120139028,0.0003969210071502961,0.0
3280145255834642944,0.0012595330642698962,0.03135675956487339,0.0
3280145822609648640,0.0006926640670590227,0.03135675956487339,0.0
45161214870,0.0006810953120139028,0.0003969210071502961,0.0
3277980508867366400,0.0012595330642698962,0.03135675956487339,0.0
3278838348330606592,0.0006926640670590227,0.03135675956487339,0.0
6149750835,0.0006810953120139028,0.0003969210071502961,0.0
3276611565258404352,0.0012595330642698962,0.03135675956487339,0.0
3277193263540371456,0.0006926640670590227,0.03135675956487339,0.0
26948846123,0.0006810953120139028,0.0003969210071502961,0.0
3276634681569276928,0.0012595330642698962,0.03135675956487339,0.0
3276647008629015040,0.0006926640670590227,0.03135675956487339,0.0
1520016714,0.0006810953120139028,0.0003969210071502961,0.0
3276327346309170176,0.0012595330642698962,0.03135675956487339,0.0
3276340061743993344,0.0006926640670590227,0.03135675956487339,0.0
8622364531,0.0006810953120139028,0.0003969210071502961,0.0
3275643858358194688,0.0012595330642698962,0.03135675956487339,0.0
3275648639655010816,0.0006926640670590227,0.03135675956487339,0.0
3274648587516086272,0.0009703141881418995,0.03135675956487339,0.0
3275019671256108544,0.0006926640670590227,0.03135675956487339,0.0
466568881,0.0006810953120139028,0.0003969210071502961,0.0
3274453200864489984,0.0012595330642698962,0.03135675956487339,0.0
3274942342828638208,0.0006926640670590227,0.03135675956487339,0.0
3039560758,0.0006810953120139028,0.0003969210071502961,0.0
3432971282150368768,0.0012595330642698962,0.03135675956487339,0.0
301584539,0.0006810953120139028,0.0003969210071502961,0.0
3433227684459077120,0.0006926640670590227,0.03135675956487339,0.0
264189041,0.0006810953120139028,0.0003969210071502961,0.0
3432808543305311744,0.0009703141881418995,0.03135675956487339,0.0
3432908390156439552,0.0006926640670590227,0.03135675956487339,0.0
55222976347,0.0006810953120139028,0.0003969210071502961,0.0
3420298548758644736,0.0012595330642698962,0.03135675956487339,0.0
3432406844293250048,0.0006926640670590227,0.03135675956487339,0.0
51508790387,0.0006810953120139028,0.0003969210071502961,0.0
3432103955985670656,0.0012595330642698962,0.03135675956487339,0.0
3432265535733594112,0.0006926640670590227,0.03135675956487339,0.0
3431394738538502144,0.0009703141881418995,0.03135675956487339,0.0
3431627349864936960,0.0006926640670590227,0.03135675956487339,0.0
2532043738,0.0006810953120139028,0.0003969210071502961,0.0
3430599603597647360,0.0012595330642698962,0.03135675956487339,0.0
3430815170492157952,0.0006926640670590227,0.03135675956487339,0.0
12323146057,0.0006810953120139028,0.0003969210071502961,0.0
3430747243629667840,0.0012595330642698962,0.03135675956487339,0.0
3430814341957771264,0.0006926640670590227,0.03135675956487339,0.0
36767276364,0.0006810953120139028,0.0003969210071502961,0.0
3429240147675644416,0.0012595330642698962,0.03135675956487339,0.0
3429247718318764544,0.0006926640670590227,0.03135675956487339,0.0
51742500364,0.0006810953120139028,0.0003969210071502961,0.0
3425253885440897536,0.0012595330642698962,0.03135675956487339,0.0
3425946239931636736,0.0006926640670590227,0.03135675956487339,0.0
39617848733,0.0006810953120139028,0.0003969210071502961,0.0
3425127821154084352,0.0012595330642698962,0.03135675956487339,0.0
3425261197706607616,0.0006926640670590227,0.03135675956487339,0.0
397229416,0.0006810953120139028,0.0003969210071502961,0.0
3424268437960133632,0.0012595330642698962,0.03135675956487339,0.0
3424355134249335808,0.0006926640670590227,0.03135675956487339,0.0
20817359091,0.0006810953120139028,0.0003969210071502961,0.0
3421310203612071424,0.0009703141881418995,0.03135675956487339,0.0
3421406370328899072,0.0006926640670590227,0.03135675956487339,0.0
3420668561938794496,0.0006926640670590227,0.03135675956487339,0.0
60730168925,0.0006810953120139028,0.0003969210071502961,0.0
3419882903988872704,0.0012595330642698962,0.03135675956487339,0.0
3419940465417819648,0.0006926640670590227,0.03135675956487339,0.0
21657458592,0.0006810953120139028,0.0003969210071502961,0.0
3419424673786213888,0.0012595330642698962,0.03135675956487339,0.0
3419434142502865408,0.0006926640670590227,0.03135675956487339,0.0
3418514210285683712,0.0009703141881418995,0.03135675956487339,0.0
3418550091256260096,0.0006926640670590227,0.03135675956487339,0.0
217267575,0.0006810953120139028,0.0003969210071502961,0.0
3417717463804347904,0.0012595330642698962,0.03135675956487339,0.0
3417720158451978240,0.0006926640670590227,0.03135675956487339,0.0
1283625728,0.0006810953120139028,0.0003969210071502961,0.0
3416213377194759168,0.0012595330642698962,0.03135675956487339,0.0
3416347271836819456,0.0006926640670590227,0.03135675956487339,0.0
49504406606,0.0006810953120139028,0.0003969210071502961,0.0
3416198727833184768,0.0012595330642698962,0.03135675956487339,0.0
3416346851684940800,0.0006926640670590227,0.03135675956487339,0.0
4921318225,0.0006810953120139028,0.0003969210071502961,0.0
3414679516933638656,0.0012595330642698962,0.03135675956487339,0.0
3414720605092013568,0.0006926640670590227,0.03135675956487339,0.0
3288790361,0.0006810953120139028,0.0003969210071502961,0.0
3413285424689572864,0.0012595330642698962,0.03135675956487339,0.0
3413304166527422976,0.0006926640670590227,0.03135675956487339,0.0
58154079518,0.0006810953120139028,0.0003969210071502961,0.0
3412844265531208704,0.0012595330642698962,0.03135675956487339,0.0
3413245789507816960,0.0006926640670590227,0.03135675956487339,0.0
1917903843,0.0006810953120139028,0.0003969210071502961,0.0
3412187158207848960,0.0012595330642698962,0.03135675956487339,0.0
3413236830591998976,0.0006926640670590227,0.03135675956487339,0.0
8558438701,0.0006810953120139028,0.0003969210071502961,0.0
3412498946545069056,0.0012595330642698962,0.03135675956487339,0.0
3413227328530330112,0.0006926640670590227,0.03135675956487339,0.0
3258897531,0.0006810953120139028,0.0003969210071502961,0.0
3412118316325571072,0.0012595330642698962,0.03135675956487339,0.0
3413227246229816320,0.0006926640670590227,0.03135675956487339,0.0
11854808554,0.0006810953120139028,0.0003969210071502961,0.0
3410011729431717376,0.0012595330642698962,0.03135675956487339,0.0
216342494,0.0006810953120139028,0.0003969210071502961,0.0
3410018870426222080,0.0006945473527640423,0.03135675956487339,0.0
49755362344,0.0006810953120139028,0.0003969210071502961,0.0
3408194174170753024,0.0012595330642698962,0.03135675956487339,0.0
3408549323693253120,0.0006945473527640423,0.03135675956487339,0.0
5961517526,0.0006810953120139028,0.0003969210071502961,0.0
3406432847385927168,0.0012595330642698962,0.03135675956487339,0.0
3407120535545683968,0.0006945473527640423,0.03135675956487339,0.0
32064760775,0.0006810953120139028,0.0003969210071502961,0.0
3405051692733371904,0.0012595330642698962,0.03135675956487339,0.0
3405479110798212096,0.0006945473527640423,0.03135675956487339,0.0
3404961211503336448,0.0006945473527640423,0.03135675956487339,0.0
19106908,0.0006810953120139028,0.0003969210071502961,0.0
3377933950892931584,0.0012595330642698962,0.03135675956487339,0.0
3378122920921499136,0.0006945473527640423,0.03135675956487339,0.0
19367166343,0.0006810953120139028,0.0003969210071502961,0.0
3377954136316315648,0.0012595330642698962,0.03135675956487339,0.0
3378122137140260864,0.0006945473527640423,0.03135675956487339,0.0
2042632508,0.0006810953120139028,0.0003969210071502961,0.0
3376074868963932160,0.0012595330642698962,0.03135675956487339,0.0
3376732394940812288,0.0006945473527640423,0.03135675956487339,0.0
30303624797,0.0006810953120139028,0.0003969210071502961,0.0
3376012601975735296,0.0012595330642698962,0.03135675956487339,0.0
3376709236720610304,0.0006945473527640423,0.03135675956487339,0.0
9309005481,0.0006810953120139028,0.0003969210071502961,0.0
3376262956586257408,0.0012595330642698962,0.03135675956487339,0.0
3376598302532486144,0.0006945473527640423,0.03135675956487339,0.0
8705801994,0.0006810953120139028,0.0003969210071502961,0.0
3373058509412315648,0.0012595330642698962,0.03135675956487339,0.0
3373075933138329088,0.0006945473527640423,0.03135675956487339,0.0
64633195870,0.0006810953120139028,0.0003969210071502961,0.0
3372435601438649344,0.0012595330642698962,0.03135675956487339,0.0
3373072614890169344,0.0006945473527640423,0.03135675956487339,0.0
6050851838,0.0006810953120139028,0.0003969210071502961,0.0
3372780248958748672,0.0012595330642698962,0.03135675956487339,0.0
3373071845940054016,0.0006945473527640423,0.03135675956487339,0.0
2176671111,0.0006810953120139028,0.0003969210071502961,0.0
3366913194306335744,0.0012595330642698962,0.03135675956487339,0.0
3367288973375485440,0.0006945473527640423,0.03135675956487339,0.0
3367288510072502272,0.0006945473527640423,0.03135675956487339,0.0
3367287109661686272,0.0006945473527640423,0.03135675956487339,0.0
47763010065,0.0006810953120139028,0.0003969210071502961,0.0
3320279296168227840,0.0012595330642698962,0.03135675956487339,0.0
3320808963395709440,0.0006945473527640423,0.03135675956487339,0.0
3320808592761903104,0.0006945473527640423,0.03135675956487339,0.0
38977585157,0.0006810953120139028,0.0003969210071502961,0.0
3432134210934383104,0.0012595330642698962,0.03135675956487339,0.0
6055776685,0.0006810953120139028,0.0003969210071502961,0.0
3433043121039169024,0.0006926640670590227,0.03135675956487339,0.0
1424375379,0.0006810953120139028,0.0003969210071502961,0.0
3431601806712832000,0.0012595330642698962,0.03135675956487339,0.0
3431737573765237248,0.0006926640670590227,0.03135675956487339,0.0
65846600158,0.0006810953120139028,0.0003969210071502961,0.0
3431139591643662848,0.0012595330642698962,0.03135675956487339,0.0
3431140114152067072,0.0006926640670590227,0.03135675956487339,0.0
896805031,0.0006810953120139028,0.0003969210071502961,0.0
3430964689610364416,0.0012595330642698962,0.03135675956487339,0.0
3430967758230337024,0.0006926640670590227,0.03135675956487339,0.0
50257142657,0.0006810953120139028,0.0003969210071502961,0.0
3430146589918799360,0.0012595330642698962,0.03135675956487339,0.0
3430410058714894848,0.0006926640670590227,0.03135675956487339,0.0
11315730638,0.0006810953120139028,0.0003969210071502961,0.0
3430192966801055232,0.0012595330642698962,0.03135675956487339,0.0
3430231642283826688,0.0006926640670590227,0.03135675956487339,0.0
53436669690,0.0006810953120139028,0.0003969210071502961,0.0
3430009163314932736,0.0012595330642698962,0.03135675956487339,0.0
3430056654503180800,0.0006926640670590227,0.03135675956487339,0.0
67140327119,0.0006810953120139028,0.0003969210071502961,0.0
3429411086575861248,0.0009703141881418995,0.03135675956487339,0.0
3429412760463682560,0.0006926640670590227,0.03135675956487339,0.0
3429412415649980416,0.0006926640670590227,0.03135675956487339,0.0
3428944114410873856,0.0009703141881418995,0.03135675956487339,0.0
3429406096343804928,0.0006926640670590227,0.03135675956487339,0.0
7067771116,0.0006810953120139028,0.0003969210071502961,0.0
3428231930678073856,0.0012595330642698962,0.03135675956487339,0.0
3428232470659743232,0.0006926640670590227,0.03135675956487339,0.0
31720804576,0.0006810953120139028,0.0003969210071502961,0.0
3427423022742208000,0.0012595330642698962,0.03135675956487339,0.0
3427437908252999168,0.0006926640670590227,0.03135675956487339,0.0
7720106535,0.0006810953120139028,0.0003969210071502961,0.0
3427392438734974464,0.0012595330642698962,0.03135675956487339,0.0
3427392919821251072,0.0006926640670590227,0.03135675956487339,0.0
3602976372,0.0006810953120139028,0.0003969210071502961,0.0
3427353761882902016,0.0012595330642698962,0.03135675956487339,0.0
3427367749089988096,0.0006926640670590227,0.03135675956487339,0.0
3427133732503540736,0.0006926640670590227,0.03135675956487339,0.0
3427122996788176384,0.0006926640670590227,0.03135675956487339,0.0
59136562946,0.0006810953120139028,0.0003969210071502961,0.0
3427120123884516864,0.0009703141881418995,0.03135675956487339,0.0
3427121748487925248,0.0006926640670590227,0.03135675956487339,0.0
3427118904189136896,0.0009703141881418995,0.03135675956487339,0.0
3427119578656826880,0.0006926640670590227,0.03135675956487339,0.0
3426784688388339712,0.0006926640670590227,0.03135675956487339,0.0
1936331377,0.0006810953120139028,0.0003969210071502961,0.0
3426654317551237120,0.0012595330642698962,0.03135675956487339,0.0
3426668671129511936,0.0006926640670590227,0.03135675956487339,0.0
4261128340,0.0006810953120139028,0.0003969210071502961,0.0
3426645884164966912,0.0012595330642698962,0.03135675956487339,0.0
3426668221441292800,0.0006926640670590227,0.03135675956487339,0.0
5525864563,0.0006810953120139028,0.0003969210071502961,0.0
3426541999935890944,0.0012595330642698962,0.03135675956487339,0.0
3426565218017219072,0.0006926640670590227,0.03135675956487339,0.0
197041238,0.0006810953120139028,0.0003969210071502961,0.0
3426374188642923008,0.0012595330642698962,0.03135675956487339,0.0
3426395693946812416,0.0006926640670590227,0.03135675956487339,0.0
39809183100,0.0006810953120139028,0.0003969210071502961,0.0
3426395084489332736,0.0012595330642698962,0.03135675956487339,0.0
3426395530578851328,0.0006926640670590227,0.03135675956487339,0.0
1353986264,0.0006810953120139028,0.0003969210071502961,0.0
3426047810446932480,0.0012595330642698962,0.03135675956487339,0.0
3426367351457779712,0.0006926640670590227,0.03135675956487339,0.0
643194233,0.0006810953120139028,0.0003969210071502961,0.0
3433653033416548864,0.0012595330642698962,0.03135675956487339,0.0
231769324,0.0006810953120139028,0.0003969210071502961,0.0
3433672830287869440,0.0006914245575899028,0.03135675956487339,0.0
3570509251,0.0006810953120139028,0.0003969210071502961,0.0
3432999933901474304,0.0012595330642698962,0.03135675956487339,0.0
3433364503468320768,0.0006914245575899028,0.03135675956487339,0.0
3433361305143784448,0.0006914245575899028,0.03135675956487339,0.0
62486385561,0.0006810953120139028,0.0003969210071502961,0.0
3433189016756507648,0.0012595330642698962,0.03135675956487339,0.0
3433193943649094656,0.0006914245575899028,0.03135675956487339,0.0
405570980,0.0006810953120139028,0.0003969210071502961,0.0
3432740761433162752,0.0012595330642698962,0.03135675956487339,0.0
3433109993781728256,0.0006914245575899028,0.03135675956487339,0.0
5449706574,0.0006810953120139028,0.0003969210071502961,0.0
3433054118311120384,0.0012595330642698962,0.03135675956487339,0.0
3433109309262959104,0.0006914245575899028,0.03135675956487339,0.0
6193674320,0.0006810953120139028,0.0003969210071502961,0.0
3433059789152793088,0.0012595330642698962,0.03135675956487339,0.0
3433086908659822080,0.0006914245575899028,0.03135675956487339,0.0
1563786214,0.0006810953120139028,0.0003969210071502961,0.0
3432498381073810432,0.0012595330642698962,0.03135675956487339,0.0
3432996631635005440,0.0006914245575899028,0.03135675956487339,0.0
4569013829,0.0006810953120139028,0.0003969210071502961,0.0
3422044075158189056,0.0012595330642698962,0.03135675956487339,0.0
3432492596587008512,0.0006914245575899028,0.03135675956487339,0.0
192617131,0.0006810953120139028,0.0003969210071502961,0.0
3432477117423604224,0.0009703141881418995,0.03135675956487339,0.0
3432478335752191488,0.0006914245575899028,0.03135675956487339,0.0
51509005560,0.0006810953120139028,0.0003969210071502961,0.0
3432473498368675328,0.0012595330642698962,0.03135675956487339,0.0
3432476514769511936,0.0006914245575899028,0.03135675956487339,0.0
3432409240767086080,0.0009703141881418995,0.03135675956487339,0.0
3432438481785472000,0.0006914245575899028,0.03135675956487339,0.0
2273990919,0.0006810953120139028,0.0003969210071502961,0.0
3432368232970414592,0.0009703141881418995,0.03135675956487339,0.0
3432437972982887936,0.0006914245575899028,0.03135675956487339,0.0
4570739677,0.0006810953120139028,0.0003969210071502961,0.0
3432360213749043712,0.0012595330642698962,0.03135675956487339,0.0
3432388439888574976,0.0006914245575899028,0.03135675956487339,0.0
2207327345,0.0006810953120139028,0.0003969210071502961,0.0
3431719239967395328,0.0012595330642698962,0.03135675956487339,0.0
3431733791141771264,0.0006914245575899028,0.03135675956487339,0.0
1445013431,0.0006810953120139028,0.0003969210071502961,0.0
3430906032721844224,0.0012595330642698962,0.03135675956487339,0.0
3431520931631343104,0.0006914245575899028,0.03135675956487339,0.0
512057955,0.0006810953120139028,0.0003969210071502961,0.0
3430970467936394240,0.0012595330642698962,0.03135675956487339,0.0
3431138100132496384,0.0006914245575899028,0.03135675956487339,0.0
177777629,0.0006810953120139028,0.0003969210071502961,0.0
3430803904263152128,0.0012595330642698962,0.03135675956487339,0.0
3430836603612235264,0.0006914245575899028,0.03135675956487339,0.0
32097119,0.0006810953120139028,0.0003969210071502961,0.0
3430796725654507520,0.0012595330642698962,0.03135675956487339,0.0
3430808506816977920,0.0006914245575899028,0.03135675956487339,0.0
6534700219,0.0006810953120139028,0.0003969210071502961,0.0
3430052586214327808,0.0009703141881418995,0.03135675956487339,0.0
3430054765943770112,0.0006914245575899028,0.03135675956487339,0.0
3430038512844952064,0.0009703141881418995,0.03135675956487339,0.0
3430040849855285248,0.0006914245575899028,0.03135675956487339,0.0
13353314264,0.0006810953120139028,0.0003969210071502961,0.0
3429699066801918464,0.0012595330642698962,0.03135675956487339,0.0
3429949788898401792,0.0006914245575899028,0.03135675956487339,0.0
5636535075,0.0006810953120139028,0.0003969210071502961,0.0
3429495637419373056,0.0012595330642698962,0.03135675956487339,0.0
3429949057160116224,0.0006914245575899028,0.03135675956487339,0.0
47135791,0.0006810953120139028,0.0003969210071502961,0.0
3429318877142758912,0.0012595330642698962,0.03135675956487339,0.0
3429395861882555392,0.0006914245575899028,0.03135675956487339,0.0
3429384096263063552,0.0009703141881418995,0.03135675956487339,0.0
3429395376022902272,0.0006914245575899028,0.03135675956487339,0.0
52715089527,0.0006810953120139028,0.0003969210071502961,0.0
3422019397008803840,0.0012595330642698962,0.03135675956487339,0.0
2918304474,0.0006810953120139028,0.0003969210071502961,0.0
3422133267832449024,0.0006926640670590227,0.03135675956487339,0.0
412921481,0.0006810953120139028,0.0003969210071502961,0.0
3339924776537542656,0.0012595330642698962,0.03135675956487339,0.0
3340095959138833408,0.0006926640670590227,0.03135675956487339,0.0
47080327246,0.0006810953120139028,0.0003969210071502961,0.0
3337374671464655872,0.0012595330642698962,0.03135675956487339,0.0
3337528122906107392,0.0006926640670590227,0.03135675956487339,0.0
48301200516,0.0006810953120139028,0.0003969210071502961,0.0
3330995090011301376,0.0009703141881418995,0.03135675956487339,0.0
3331039925409880576,0.0006926640670590227,0.03135675956487339,0.0
3329949164811535360,0.0006926640670590227,0.03135675956487339,0.0
14490070444,0.0006810953120139028,0.0003969210071502961,0.0
3310700510989181440,0.0012595330642698962,0.03135675956487339,0.0
3310717703852088320,0.0006926640670590227,0.03135675956487339,0.0
3310534605176665088,0.0009703141881418995,0.03135675956487339,0.0
3310534922643506176,0.0006926640670590227,0.03135675956487339,0.0
2096281989,0.0006810953120139028,0.0003969210071502961,0.0
3308659990436933120,0.0008739078960992339,0.03135675956487339,0.0
3308936052356538880,0.0006926640670590227,0.03135675956487339,0.0
3307894373411458560,0.0008739078960992339,0.03135675956487339,0.0
3307894765100536832,0.0006926640670590227,0.03135675956487339,0.0
3307891115897001472,0.0008739078960992339,0.03135675956487339,0.0
3307892210995997696,0.0006926640670590227,0.03135675956487339,0.0
213830041,0.0006810953120139028,0.0003969210071502961,0.0
3306431321021575168,0.0012595330642698962,0.03135675956487339,0.0
3306445356454256128,0.0006926640670590227,0.03135675956487339,0.0
564153431,0.0006810953120139028,0.0003969210071502961,0.0
3299859218914480128,0.0012595330642698962,0.03135675956487339,0.0
3299881905602715136,0.0006926640670590227,0.03135675956487339,0.0
201261088,0.0006810953120139028,0.0003969210071502961,0.0
3299270488947182080,0.0012595330642698962,0.03135675956487339,0.0
3299742157315807232,0.0006926640670590227,0.03135675956487339,0.0
3298427542560613888,0.0006926640670590227,0.03135675956487339,0.0
3298426470991626752,0.0006926640670590227,0.03135675956487339,0.0
44992961207,0.0006810953120139028,0.0003969210071502961,0.0
3297013288557134848,0.0012595330642698962,0.03135675956487339,0.0
3297028668700978688,0.0006926640670590227,0.03135675956487339,0.0
3296995852608997888,0.0006926640670590227,0.03135675956487339,0.0
276282669,0.0006810953120139028,0.0003969210071502961,0.0
3296212832096858624,0.0012595330642698962,0.03135675956487339,0.0
3296256006659526656,0.0006926640670590227,0.03135675956487339,0.0
8343653923,0.0006810953120139028,0.0003969210071502961,0.0
3295465871986844672,0.0012595330642698962,0.03135675956487339,0.0
3295565302862042112,0.0006926640670590227,0.03135675956487339,0.0
5626148059,0.0006810953120139028,0.0003969210071502961,0.0
3293908303243430400,0.0012595330642698962,0.03135675956487339,0.0
3293908920874050560,0.0006926640670590227,0.03135675956487339,0.0
350037601,0.0006810953120139028,0.0003969210071502961,0.0
3292454713558404608,0.0012595330642698962,0.03135675956487339,0.0
3293399505934938624,0.0006926640670590227,0.03135675956487339,0.0
50304125909,0.0006810953120139028,0.0003969210071502961,0.0
3285380454814299136,0.0012595330642698962,0.03135675956487339,0.0
3285662231201997312,0.0006926640670590227,0.03135675956487339,0.0
273436668,0.0006810953120139028,0.0003969210071502961,0.0
3283867316335329792,0.0012595330642698962,0.03135675956487339,0.0
3283878896297284608,0.0006926640670590227,0.03135675956487339,0.0
39411783007,0.0006810953120139028,0.0003969210071502961,0.0
3279449648199144448,0.0012595330642698962,0.03135675956487339,0.0
3283797698036364800,0.0006926640670590227,0.03135675956487339,0.0
1090932543,0.0006810953120139028,0.0003969210071502961,0.0
3262086168581831680,0.0012595330642698962,0.03135675956487339,0.0
3283797124901484544,0.0006926640670590227,0.03135675956487339,0.0
386886036,0.0006810953120139028,0.0003969210071502961,0.0
3322068214630017024,0.0008739078960992339,0.03135675956487339,0.0
18835678131,0.0006810953120139028,0.0003969210071502961,0.0
3322073671387249664,0.0006926640670590227,0.03135675956487339,0.0
3322065435769243648,0.0008739078960992339,0.03135675956487339,0.0
3322067465260208640,0.0006926640670590227,0.03135675956487339,0.0
3322052594790170112,0.0008739078960992339,0.03135675956487339,0.0
3322057209649994752,0.0006926640670590227,0.03135675956487339,0.0
3901786321,0.0006810953120139028,0.0003969210071502961,0.0
3321643540923244544,0.0012595330642698962,0.03135675956487339,0.0
3321644273316123136,0.0006926640670590227,0.03135675956487339,0.0
42657692949,0.0006810953120139028,0.0003969210071502961,0.0
3309286327683438592,0.0012595330642698962,0.03135675956487339,0.0
3309327067571965952,0.0006926640670590227,0.03135675956487339,0.0
178176392,0.0006810953120139028,0.0003969210071502961,0.0
3299237945100506624,0.0009703141881418995,0.03135675956487339,0.0
3299245044303934976,0.0006926640670590227,0.03135675956487339,0.0
3299231760666440704,0.0009703141881418995,0.03135675956487339,0.0
3299236250929007104,0.0006926640670590227,0.03135675956487339,0.0
6983198650,0.0006810953120139028,0.0003969210071502961,0.0
3294635615709117440,0.0012595330642698962,0.03135675956487339,0.0
3295349956222096384,0.0006926640670590227,0.03135675956487339,0.0
8267168221,0.0006810953120139028,0.0003969210071502961,0.0
3290277151784474624,0.0012595330642698962,0.03135675956487339,0.0
3290291056304814592,0.0006926640670590227,0.03135675956487339,0.0
6135254145,0.0006810953120139028,0.0003969210071502961,0.0
3286779599440205824,0.0012595330642698962,0.03135675956487339,0.0
3286781665287329280,0.0006926640670590227,0.03135675956487339,0.0
389214378,0.0006810953120139028,0.0003969210071502961,0.0
3286131448611183104,0.0012595330642698962,0.03135675956487339,0.0
3286144324990313472,0.0006926640670590227,0.03135675956487339,0.0
39653861905,0.0006810953120139028,0.0003969210071502961,0.0
3286012796480914944,0.0009703141881418995,0.03135675956487339,0.0
3286014091582543360,0.0006926640670590227,0.03135675956487339,0.0
7424674563,0.0006810953120139028,0.0003969210071502961,0.0
3285390132532565504,0.0012595330642698962,0.03135675956487339,0.0
3285394037161708544,0.0006926640670590227,0.03135675956487339,0.0
1682720870,0.0006810953120139028,0.0003969210071502961,0.0
3281768681111823360,0.0012595330642698962,0.03135675956487339,0.0
3281776803415763456,0.0006926640670590227,0.03135675956487339,0.0
34709802,0.0006810953120139028,0.0003969210071502961,0.0
3281728554306029568,0.0012595330642698962,0.03135675956487339,0.0
3281742756715055616,0.0006926640670590227,0.03135675956487339,0.0
3281727769586135552,0.0006926640670590227,0.03135675956487339,0.0
537774620,0.0006810953120139028,0.0003969210071502961,0.0
3280513788270588928,0.0008739078960992339,0.03135675956487339,0.0
3280699814066774016,0.0006926640670590227,0.03135675956487339,0.0
3280699591516869632,0.0006926640670590227,0.03135675956487339,0.0
3280514381278078464,0.0008739078960992339,0.03135675956487339,0.0
3280698324661043200,0.0006926640670590227,0.03135675956487339,0.0
57193615933,0.0006810953120139028,0.0003969210071502961,0.0
3280578247205149696,0.0009703141881418995,0.03135675956487339,0.0
3280696491406248448,0.0006926640670590227,0.03135675956487339,0.0
3280514195377901056,0.0008739078960992339,0.03135675956487339,0.0
3280695127368048128,0.0006926640670590227,0.03135675956487339,0.0
2137907450,0.0006810953120139028,0.0003969210071502961,0.0
3280420665678724096,0.0012595330642698962,0.03135675956487339,0.0
3280487711619727872,0.0006926640670590227,0.03135675956487339,0.0
3280403215443045888,0.0009703141881418995,0.03135675956487339,0.0
3280487478374566912,0.0006926640670590227,0.03135675956487339,0.0
3276550889852221440,0.0009703141881418995,0.03135675956487339,0.0
3276575521709219840,0.0006926640670590227,0.03135675956487339,0.0
44458048377,0.0006810953120139028,0.0003969210071502961,0.0
3276462866980627968,0.0012595330642698962,0.03135675956487339,0.0
3276533491150768128,0.0006926640670590227,0.03135675956487339,0.0
143824625,0.0006810953120139028,0.0003969210071502961,0.0
3414358186918000640,0.0012595330642698962,0.03135675956487339,0.0
9990790391,0.0006810953120139028,0.0003969210071502961,0.0
3414999042854437376,0.000695203549873805,0.03135675956487339,0.0
460219211,0.0006810953120139028,0.0003969210071502961,0.0
3414906860954039808,0.0008739078960992339,0.03135675956487339,0.0
3414914245746344960,0.000695203549873805,0.03135675956487339,0.0
3414903936718792704,0.0008739078960992339,0.03135675956487339,0.0
3414906404369264640,0.000695203549873805,0.03135675956487339,0.0
3414782582845680128,0.0008739078960992339,0.03135675956487339,0.0
3414888351631791616,0.000695203549873805,0.03135675956487339,0.0
1972966894,0.0006810953120139028,0.0003969210071502961,0.0
3414778187534273536,0.0012595330642698962,0.03135675956487339,0.0
3414780350090659328,0.000695203549873805,0.03135675956487339,0.0
261924424,0.0006810953120139028,0.0003969210071502961,0.0
3414732544581039616,0.0012595330642698962,0.03135675956487339,0.0
3414741386063454208,0.000695203549873805,0.03135675956487339,0.0
18897278,0.0006810953120139028,0.0003969210071502961,0.0
3414704545479329792,0.0012595330642698962,0.03135675956487339,0.0
3414713474404826624,0.000695203549873805,0.03135675956487339,0.0
1520405010,0.0006810953120139028,0.0003969210071502961,0.0
3414374405041652224,0.0012595330642698962,0.03135675956487339,0.0
3414671966582472192,0.000695203549873805,0.03135675956487339,0.0
55598831975,0.0006810953120139028,0.0003969210071502961,0.0
3414210484008075776,0.0012595330642698962,0.03135675956487339,0.0
3414256875148023296,0.000695203549873805,0.03135675956487339,0.0
202328760,0.0006810953120139028,0.0003969210071502961,0.0
3414233810579341312,0.0012595330642698962,0.03135675956487339,0.0
3414256726594278912,0.000695203549873805,0.03135675956487339,0.0
1098799613,0.0006810953120139028,0.0003969210071502961,0.0
3414255093425411584,0.0012595330642698962,0.03135675956487339,0.0
3414256511208176128,0.000695203549873805,0.03135675956487339,0.0
42101265443,0.0006810953120139028,0.0003969210071502961,0.0
3414116237820744704,0.0012595330642698962,0.03135675956487339,0.0
3414125209704417280,0.000695203549873805,0.03135675956487339,0.0
592130505,0.0006810953120139028,0.0003969210071502961,0.0
3356726648318816256,0.0012595330642698962,0.03135675956487339,0.0
3357384091563799040,0.000695203549873805,0.03135675956487339,0.0
9604399305,0.0006810953120139028,0.0003969210071502961,0.0
3277478299901566976,0.0012595330642698962,0.03135675956487339,0.0
3357382356975946752,0.000695203549873805,0.03135675956487339,0.0
3322657014423872000,0.000695203549873805,0.03135675956487339,0.0
312352387,0.0006810953120139028,0.0003969210071502961,0.0
3314771327490198528,0.0012595330642698962,0.03135675956487339,0.0
3314773193550093312,0.000695203549873805,0.03135675956487339,0.0
5926758436,0.0006810953120139028,0.0003969210071502961,0.0
3433013353877385728,0.0008739078960992339,0.03135675956487339,0.0
4898177659,0.0006810953120139028,0.0003969210071502961,0.0
3433721886238137344,0.0006942416245651754,0.03135675956487339,0.0
3432354399989559808,0.0008739078960992339,0.03135675956487339,0.0
3433012188048457216,0.0006942416245651754,0.03135675956487339,0.0
1688547448,0.0006810953120139028,0.0003969210071502961,0.0
3432344641338677248,0.0012595330642698962,0.03135675956487339,0.0
3433011359556030464,0.0006942416245651754,0.03135675956487339,0.0
3431818321280914432,0.0008739078960992339,0.03135675956487339,0.0
3432323875490541568,0.0006942416245651754,0.03135675956487339,0.0
7411193381,0.0006810953120139028,0.0003969210071502961,0.0
3418776005073480192,0.0012595330642698962,0.03135675956487339,0.0
3430022603483859456,0.0006942416245651754,0.03135675956487339,0.0
603875525,0.0006810953120139028,0.0003969210071502961,0.0
3410748456001670144,0.0012595330642698962,0.03135675956487339,0.0
3411300934296544256,0.0006942416245651754,0.03135675956487339,0.0
5650585258,0.0006810953120139028,0.0003969210071502961,0.0
3386663033801969664,0.0012595330642698962,0.03135675956487339,0.0
3387357095668453888,0.0006942416245651754,0.03135675956487339,0.0
1066792650,0.0006810953120139028,0.0003969210071502961,0.0
3377282768695200256,0.0012595330642698962,0.03135675956487339,0.0
3377912137534221824,0.0006942416245651754,0.03135675956487339,0.0
14025724686,0.0006810953120139028,0.0003969210071502961,0.0
3366294034203148800,0.0012595330642698962,0.03135675956487339,0.0
3366932157912341504,0.0006942416245651754,0.03135675956487339,0.0
63257180557,0.0006810953120139028,0.0003969210071502961,0.0
3281324235554919424,0.0012595330642698962,0.03135675956487339,0.0
3281580319013445632,0.0006942416245651754,0.03135675956487339,0.0
62374223316,0.0006810953120139028,0.0003969210071502961,0.0
3276839288349664256,0.0008257047500779012,0.03135675956487339,0.0
3276849424554860544,0.0006942416245651754,0.03135675956487339,0.0
3274934458517813760,0.0008257047500779012,0.03135675956487339,0.0
3276821181974144512,0.0006942416245651754,0.03135675956487339,0.0
3274202313034701312,0.0008257047500779012,0.03135675956487339,0.0
3274287993715140096,0.0006942416245651754,0.03135675956487339,0.0
3273887640124999680,0.0008257047500779012,0.03135675956487339,0.0
3274201564544554496,0.0006942416245651754,0.03135675956487339,0.0
4482854184,0.0006810953120139028,0.0003969210071502961,0.0
3273203903193485824,0.0012595330642698962,0.03135675956487339,0.0
3273824501203691520,0.0006942416245651754,0.03135675956487339,0.0
3270636338129816064,0.0006942416245651754,0.03135675956487339,0.0
264151507,0.0006810953120139028,0.0003969210071502961,0.0
3268909363564205568,0.0009703141881418995,0.03135675956487339,0.0
3269906965307225088,0.0006942416245651754,0.03135675956487339,0.0
3252311719928724480,0.0009703141881418995,0.03135675956487339,0.0
3269902316718055936,0.0006942416245651754,0.03135675956487339,0.0
718779051,0.0006810953120139028,0.0003969210071502961,0.0
3269174868752596992,0.0012595330642698962,0.03135675956487339,0.0
3269186458454640128,0.0006942416245651754,0.03135675956487339,0.0
3266528701553462784,0.0006942416245651754,0.03135675956487339,0.0
3266323731151539200,0.0006942416245651754,0.03135675956487339,0.0
55723220,0.0006810953120139028,0.0003969210071502961,0.0
3258641524617420800,0.0008257047500779012,0.03135675956487339,0.0
3258665842580531712,0.0006942416245651754,0.03135675956487339,0.0
3258649008614874112,0.0008257047500779012,0.03135675956487339,0.0
3258663891532834304,0.0006942416245651754,0.03135675956487339,0.0
3258634393747418624,0.0008257047500779012,0.03135675956487339,0.0
3258643943238559744,0.0006942416245651754,0.03135675956487339,0.0
3258628721303572480,0.0008257047500779012,0.03135675956487339,0.0
3258640201986569728,0.0006942416245651754,0.03135675956487339,0.0
6926620972,0.0006810953120139028,0.0003969210071502961,0.0
3432613917996038656,0.0012595330642698962,0.03135675956487339,0.0
563399029,0.0006810953120139028,0.0003969210071502961,0.0
3433058045824484352,0.0006924372287248047,0.03135675956487339,0.0
23907806,0.0006810953120139028,0.0003969210071502961,0.0
3432938150627045888,0.0007967828624651015,0.03135675956487339,0.0
3432954089404198400,0.0006924372287248047,0.03135675956487339,0.0
2308253245,0.0006810953120139028,0.0003969210071502961,0.0
3431674085072666624,0.0012595330642698962,0.03135675956487339,0.0
3431695738477224448,0.0006924372287248047,0.03135675956487339,0.0
3431440400328483840,0.0007967828624651015,0.03135675956487339,0.0
3431454108650559488,0.0006924372287248047,0.03135675956487339,0.0
3281839,0.0006810953120139028,0.0003969210071502961,0.0
3431087638846930432,0.0012595330642698962,0.03135675956487339,0.0
3431090360957991936,0.0006924372287248047,0.03135675956487339,0.0
2490805275,0.0006810953120139028,0.0003969210071502961,0.0
3431042426001855488,0.0012595330642698962,0.03135675956487339,0.0
3431050069173348864,0.0006924372287248047,0.03135675956487339,0.0
1517086575,0.0006810953120139028,0.0003969210071502961,0.0
3431029008664987648,0.0012595330642698962,0.03135675956487339,0.0
3431029181346580480,0.0006924372287248047,0.03135675956487339,0.0
3431026019199427072,0.0007967828624651015,0.03135675956487339,0.0
3431026166598312960,0.0006924372287248047,0.03135675956487339,0.0
3431007124187091968,0.0007967828624651015,0.03135675956487339,0.0
3431012225730125824,0.0006924372287248047,0.03135675956487339,0.0
233883849,0.0006810953120139028,0.0003969210071502961,0.0
3430298926504569856,0.0012595330642698962,0.03135675956487339,0.0
3430299964711564800,0.0006924372287248047,0.03135675956487339,0.0
47826909508,0.0006810953120139028,0.0003969210071502961,0.0
3430204701851012096,0.0012595330642698962,0.03135675956487339,0.0
3430264475287657472,0.0006924372287248047,0.03135675956487339,0.0
4981870172,0.0006810953120139028,0.0003969210071502961,0.0
3430241570931692544,0.0012595330642698962,0.03135675956487339,0.0
3430250533429460992,0.0006924372287248047,0.03135675956487339,0.0
1461965301,0.0006810953120139028,0.0003969210071502961,0.0
3430122223790594560,0.0012595330642698962,0.03135675956487339,0.0
3430123132703802880,0.0006924372287248047,0.03135675956487339,0.0
50702262648,0.0006810953120139028,0.0003969210071502961,0.0
3430087833415776768,0.0012595330642698962,0.03135675956487339,0.0
3430088890967998464,0.0006924372287248047,0.03135675956487339,0.0
3430078541900545536,0.0006924372287248047,0.03135675956487339,0.0
3430071596742708224,0.0007967828624651015,0.03135675956487339,0.0
3430076047346446336,0.0006924372287248047,0.03135675956487339,0.0
58266162261,0.0006810953120139028,0.0003969210071502961,0.0
3430061683005278208,0.0012595330642698962,0.03135675956487339,0.0
3430061861849764352,0.0006924372287248047,0.03135675956487339,0.0
10727723114,0.0006810953120139028,0.0003969210071502961,0.0
3430017095245536256,0.0009703141881418995,0.03135675956487339,0.0
3430018091385063424,0.0006924372287248047,0.03135675956487339,0.0
3429342207136512512,0.0009703141881418995,0.03135675956487339,0.0
3429974500763515392,0.0006924372287248047,0.03135675956487339,0.0
3429960582427140608,0.0006924372287248047,0.03135675956487339,0.0
3406326014,0.0006810953120139028,0.0003969210071502961,0.0
3429853210651696640,0.0012595330642698962,0.03135675956487339,0.0
3429856162402176512,0.0006924372287248047,0.03135675956487339,0.0
237137279,0.0006810953120139028,0.0003969210071502961,0.0
3429384208259796992,0.0012595330642698962,0.03135675956487339,0.0
3429572194188414976,0.0006924372287248047,0.03135675956487339,0.0
7087202711,0.0006810953120139028,0.0003969210071502961,0.0
3429395068392937472,0.0012595330642698962,0.03135675956487339,0.0
3429572118799985152,0.0006924372287248047,0.03135675956487339,0.0
588485368,0.0006810953120139028,0.0003969210071502961,0.0
3429445882674105344,0.0012595330642698962,0.03135675956487339,0.0
3429477358945127936,0.0006924372287248047,0.03135675956487339,0.0
196931275,0.0006810953120139028,0.0003969210071502961,0.0
3429351627929335808,0.0012595330642698962,0.03135675956487339,0.0
3429390580003124736,0.0006924372287248047,0.03135675956487339,0.0
44841125034,0.0006810953120139028,0.0003969210071502961,0.0
3432833693485515264,0.0012595330642698962,0.03135675956487339,0.0
617929084,0.0006810953120139028,0.0003969210071502961,0.0
3433681327300390912,0.0007453661733756798,0.03135675956487339,0.0
4450396091,0.0006810953120139028,0.0003969210071502961,0.0
3433106599574735872,0.0012595330642698962,0.03135675956487339,0.0
3433664658490366976,0.0007453661733756798,0.03135675956487339,0.0
9614397101,0.0006810953120139028,0.0003969210071502961,0.0
3397630452389280768,0.0012595330642698962,0.03135675956487339,0.0
3397641455490071040,0.0007453661733756798,0.03135675956487339,0.0
1245006981,0.0006810953120139028,0.0003969210071502961,0.0
3396989240976365056,0.0012595330642698962,0.03135675956487339,0.0
3397641261419719680,0.0007453661733756798,0.03135675956487339,0.0
11415406547,0.0006810953120139028,0.0003969210071502961,0.0
3387941070534055424,0.0012595330642698962,0.03135675956487339,0.0
3388283913077067264,0.0007453661733756798,0.03135675956487339,0.0
8758942257,0.0006810953120139028,0.0003969210071502961,0.0
3387606938192957440,0.0012595330642698962,0.03135675956487339,0.0
3388105821536688128,0.0007453661733756798,0.03135675956487339,0.0
45843028404,0.0006810953120139028,0.0003969210071502961,0.0
3257812364764037120,0.0012595330642698962,0.03135675956487339,0.0
26899326533,0.0006810953120139028,0.0003969210071502961,0.0
3258414701573757952,0.0007389390872395022,0.03135675956487339,0.0
4983940,0.0006810953120139028,0.0003969210071502961,0.0
3258396368672159744,0.0012595330642698962,0.03135675956487339,0.0
3258413787735586816,0.0007389390872395022,0.03135675956487339,0.0
8659391285,0.0006810953120139028,0.0003969210071502961,0.0
3258385875690862592,0.0012595330642698962,0.03135675956487339,0.0
3258388409805510144,0.0007389390872395022,0.03135675956487339,0.0
767127522,0.0006810953120139028,0.0003969210071502961,0.0
3433304972067435520,0.0012595330642698962,0.03135675956487339,0.0
3142867376,0.0006810953120139028,0.0003969210071502961,0.0
3433306014302085632,0.0006916123620549209,0.03135675956487339,0.0
32621134,0.0006810953120139028,0.0003969210071502961,0.0
3432876817817909248,0.0012595330642698962,0.03135675956487339,0.0
3432877195430932480,0.0006916123620549209,0.03135675956487339,0.0
6330133,0.0006810953120139028,0.0003969210071502961,0.0
3432477548858538496,0.0012595330642698962,0.03135675956487339,0.0
3432480239915245568,0.0006916123620549209,0.03135675956487339,0.0
627564751,0.0006810953120139028,0.0003969210071502961,0.0
3431710430764082176,0.0012595330642698962,0.03135675956487339,0.0
3432379666402487808,0.0006916123620549209,0.03135675956487339,0.0
180685155,0.0006810953120139028,0.0003969210071502961,0.0
3432288568364534272,0.0012595330642698962,0.03135675956487339,0.0
3432291425318061568,0.0006916123620549209,0.03135675956487339,0.0
56484141319,0.0006810953120139028,0.0003969210071502961,0.0
3432234280962496000,0.0012595330642698962,0.03135675956487339,0.0
3432234697482146304,0.0006916123620549209,0.03135675956487339,0.0
5346367284,0.0006810953120139028,0.0003969210071502961,0.0
3432185712767990272,0.0012595330642698962,0.03135675956487339,0.0
3432194961786860032,0.0006916123620549209,0.03135675956487339,0.0
2982341054,0.0006810953120139028,0.0003969210071502961,0.0
3430889448478429184,0.0012595330642698962,0.03135675956487339,0.0
3431481659121281536,0.0006916123620549209,0.03135675956487339,0.0
1694120729,0.0006810953120139028,0.0003969210071502961,0.0
3430933270441051136,0.0012595330642698962,0.03135675956487339,0.0
3430935135983448576,0.0006916123620549209,0.03135675956487339,0.0
7284156189,0.0006810953120139028,0.0003969210071502961,0.0
3430825683557019136,0.0008739078960992339,0.03135675956487339,0.0
3430836303517958656,0.0006916123620549209,0.03135675956487339,0.0
3430820920463294464,0.0008739078960992339,0.03135675956487339,0.0
3430823475180279296,0.0006916123620549209,0.03135675956487339,0.0
6102031251,0.0006810953120139028,0.0003969210071502961,0.0
3430770853969798656,0.0012595330642698962,0.03135675956487339,0.0
3430818449321916416,0.0006916123620549209,0.03135675956487339,0.0
3430775192173033984,0.0008739078960992339,0.03135675956487339,0.0
3430815833477222400,0.0006916123620549209,0.03135675956487339,0.0
1469324051,0.0006810953120139028,0.0003969210071502961,0.0
3430759108584809472,0.0012595330642698962,0.03135675956487339,0.0
3430765154020623360,0.0006916123620549209,0.03135675956487339,0.0
197273803,0.0006810953120139028,0.0003969210071502961,0.0
3430747975364718080,0.0012595330642698962,0.03135675956487339,0.0
3430749726875656704,0.0006916123620549209,0.03135675956487339,0.0
7491568965,0.0006810953120139028,0.0003969210071502961,0.0
3430745626474171904,0.0012595330642698962,0.03135675956487339,0.0
3430746091504680448,0.0006916123620549209,0.03135675956487339,0.0
3995707310,0.0006810953120139028,0.0003969210071502961,0.0
3430744350297155584,0.0012595330642698962,0.03135675956487339,0.0
3430745006387860992,0.0006916123620549209,0.03135675956487339,0.0
3430740200034373120,0.0006916123620549209,0.03135675956487339,0.0
522567036,0.0006810953120139028,0.0003969210071502961,0.0
3430407661242310144,0.0012595330642698962,0.03135675956487339,0.0
3430739522687682048,0.0006916123620549209,0.03135675956487339,0.0
4489659999,0.0006810953120139028,0.0003969210071502961,0.0
3430735365183377408,0.0008739078960992339,0.03135675956487339,0.0
3430737492116144640,0.0006916123620549209,0.03135675956487339,0.0
3430736083140446208,0.0006916123620549209,0.03135675956487339,0.0
3430732941454736896,0.0008739078960992339,0.03135675956487339,0.0
3430733938743606784,0.0006916123620549209,0.03135675956487339,0.0
3430447803969826304,0.0008739078960992339,0.03135675956487339,0.0
3430722382991566848,0.0006916123620549209,0.03135675956487339,0.0
5556047881,0.0006810953120139028,0.0003969210071502961,0.0
3430295115020120576,0.0012595330642698962,0.03135675956487339,0.0
3430298225367657472,0.0006916123620549209,0.03135675956487339,0.0
2642351823,0.0006810953120139028,0.0003969210071502961,0.0
3430221734004000256,0.0012595330642698962,0.03135675956487339,0.0
3430224122862575104,0.0006916123620549209,0.03135675956487339,0.0
39585057,0.0006810953120139028,0.0003969210071502961,0.0
3262944732772438016,0.0012595330642698962,0.03135675956487339,0.0
31264741187,0.0006810953120139028,0.0003969210071502961,0.0
3262945109413967360,0.0006991714917719026,0.03135675956487339,0.0
3262944825862085632,0.0006991714917719026,0.03135675956487339,0.0
719923993,0.0006810953120139028,0.0003969210071502961,0.0
3262943822987095040,0.0012595330642698962,0.03135675956487339,0.0
3262944504670701056,0.0006991714917719026,0.03135675956487339,0.0
392513706,0.0006810953120139028,0.0003969210071502961,0.0
3262943974342883840,0.0012595330642698962,0.03135675956487339,0.0
3262944322713378304,0.0006991714917719026,0.03135675956487339,0.0
3564366021,0.0006810953120139028,0.0003969210071502961,0.0
3262943591267388928,0.0012595330642698962,0.03135675956487339,0.0
3262943945679142400,0.0006991714917719026,0.03135675956487339,0.0
2303885470,0.0006810953120139028,0.0003969210071502961,0.0
3261499980291356672,0.0012595330642698962,0.03135675956487339,0.0
3261502658161594368,0.0006991714917719026,0.03135675956487339,0.0
1458009959,0.0006810953120139028,0.0003969210071502961,0.0
3258552049291281920,0.0012595330642698962,0.03135675956487339,0.0
3258555975228262400,0.0006991714917719026,0.03135675956487339,0.0
265356213,0.0006810953120139028,0.0003969210071502961,0.0
3432499402700681216,0.0008739078960992339,0.03135675956487339,0.0
314415328,0.0006810953120139028,0.0003969210071502961,0.0
3432559418375967232,0.0006976221049355026,0.03135675956487339,0.0
3427076166454090240,0.0008739078960992339,0.03135675956487339,0.0
3427519897921898496,0.0006976221049355026,0.03135675956487339,0.0
625704795,0.0006810953120139028,0.0003969210071502961,0.0
3425593745405755904,0.0012595330642698962,0.03135675956487339,0.0
3425626953883482112,0.0006976221049355026,0.03135675956487339,0.0
144111581,0.0006810953120139028,0.0003969210071502961,0.0
3423602651110578176,0.0012595330642698962,0.03135675956487339,0.0
3423885396419166208,0.0006976221049355026,0.03135675956487339,0.0
3422440734911332352,0.0008739078960992339,0.03135675956487339,0.0
3422682846319678976,0.0006976221049355026,0.03135675956487339,0.0
206018845,0.0006810953120139028,0.0003969210071502961,0.0
3417271434084832768,0.0012595330642698962,0.03135675956487339,0.0
3417284510037423104,0.0006976221049355026,0.03135675956487339,0.0
3417283566839099392,0.0006976221049355026,0.03135675956487339,0.0
221664216,0.0006810953120139028,0.0003969210071502961,0.0
3282958428770036224,0.0012595330642698962,0.03135675956487339,0.0
3285264584146221056,0.0006976221049355026,0.03135675956487339,0.0
46071423,0.0006810953120139028,0.0003969210071502961,0.0
3260551338473370112,0.0012595330642698962,0.03135675956487339,0.0
3261379229357482496,0.0006976221049355026,0.03135675956487339,0.0
3258302981589125120,0.0006976221049355026,0.03135675956487339,0.0
32325285,0.0006810953120139028,0.0003969210071502961,0.0
3414146979057632768,0.0012595330642698962,0.03135675956487339,0.0
1977725305,0.0006810953120139028,0.0003969210071502961,0.0
3414159891295287296,0.0006959270492512361,0.03135675956487339,0.0
11265432,0.0006810953120139028,0.0003969210071502961,0.0
3301348424719284224,0.0012595330642698962,0.03135675956487339,0.0
3301349215896727040,0.0006959270492512361,0.03135675956487339,0.0
4929191203,0.0006810953120139028,0.0003969210071502961,0.0
3267925409012854784,0.0012595330642698962,0.03135675956487339,0.0
3268085195232252928,0.0006959270492512361,0.03135675956487339,0.0
31026802,0.0006810953120139028,0.0003969210071502961,0.0
3267908722578733568,0.0012595330642698962,0.03135675956487339,0.0
3268085021151959040,0.0006959270492512361,0.03135675956487339,0.0
23488356,0.0006810953120139028,0.0003969210071502961,0.0
3267902955510166016,0.0012595330642698962,0.03135675956487339,0.0
3268084764846510592,0.0006959270492512361,0.03135675956487339,0.0
13973278,0.0006810953120139028,0.0003969210071502961,0.0
3267942136274608128,0.0012595330642698962,0.03135675956487339,0.0
3267955421637892096,0.0006959270492512361,0.03135675956487339,0.0
10387012936,0.0006810953120139028,0.0003969210071502961,0.0
3267902095114202112,0.0012595330642698962,0.03135675956487339,0.0
3267955347398642688,0.0006959270492512361,0.03135675956487339,0.0
3433619031266066944,0.0006926640670590227,0.03135675956487339,0.0
3433252707482353664,0.0006926640670590227,0.03135675956487339,0.0
3432958442504146944,0.0006926640670590227,0.03135675956487339,0.0
3432318445845432832,0.0006926640670590227,0.03135675956487339,0.0
3414299281088294400,0.0006926640670590227,0.03135675956487339,0.0
3280127682219745792,0.0006926640670590227,0.03135675956487339,0.0
3277128047390407680,0.0006926640670590227,0.03135675956487339,0.0
3276339884022843904,0.0006926640670590227,0.03135675956487339,0.0
3274227937547568128,0.0006926640670590227,0.03135675956487339,0.0
3273648405588677632,0.0006926640670590227,0.03135675956487339,0.0
3273169356042992640,0.0006926640670590227,0.03135675956487339,0.0
3272846399315708928,0.0006926640670590227,0.03135675956487339,0.0
3272826609557628416,0.0006926640670590227,0.03135675956487339,0.0
3272330528898766848,0.0006926640670590227,0.03135675956487339,0.0
3272080334386208768,0.0006926640670590227,0.03135675956487339,0.0
3272030861724082688,0.0006926640670590227,0.03135675956487339,0.0
3271427978464300544,0.0006926640670590227,0.03135675956487339,0.0
3271414871708785152,0.0006926640670590227,0.03135675956487339,0.0
3270877837924239872,0.0006926640670590227,0.03135675956487339,0.0
3270256702941714432,0.0006926640670590227,0.03135675956487339,0.0
3270127690126944256,0.0006926640670590227,0.03135675956487339,0.0
3270058229381485568,0.0006926640670590227,0.03135675956487339,0.0
3269878218889227264,0.0006926640670590227,0.03135675956487339,0.0
3269858869231004672,0.0006926640670590227,0.03135675956487339,0.0
3269850607617536512,0.0006926640670590227,0.03135675956487339,0.0
382548987,0.0006810953120139028,0.0003969210071502961,0.0
3433734885610875904,0.0007042328221041426,0.03135675956487339,0.0
3433244574291759616,0.0007042328221041426,0.03135675956487339,0.0
3433201147449554432,0.0007042328221041426,0.03135675956487339,0.0
3433171659965828096,0.0007042328221041426,0.03135675956487339,0.0
3433124802409307648,0.0007042328221041426,0.03135675956487339,0.0
3433092207281798144,0.0007042328221041426,0.03135675956487339,0.0
3433065528756943872,0.0007042328221041426,0.03135675956487339,0.0
3433011573490431488,0.0007042328221041426,0.03135675956487339,0.0
3432984034755662848,0.0007042328221041426,0.03135675956487339,0.0
3432954984209086976,0.0007042328221041426,0.03135675956487339,0.0
3432928061466732544,0.0007042328221041426,0.03135675956487339,0.0
3432898954540387840,0.0007042328221041426,0.03135675956487339,0.0
3432865782612179456,0.0007042328221041426,0.03135675956487339,0.0
3432547585061060608,0.0007042328221041426,0.03135675956487339,0.0
3432435198442119680,0.0007042328221041426,0.03135675956487339,0.0
3432349540184954368,0.0007042328221041426,0.03135675956487339,0.0
3431856173869154816,0.0007042328221041426,0.03135675956487339,0.0
3431821163375908352,0.0007042328221041426,0.03135675956487339,0.0
3431819373792354304,0.0007042328221041426,0.03135675956487339,0.0
3431768459186528256,0.0007042328221041426,0.03135675956487339,0.0
3431743086054662656,0.0007042328221041426,0.03135675956487339,0.0
3431725583819815936,0.0007042328221041426,0.03135675956487339,0.0
3431691268557701632,0.0007042328221041426,0.03135675956487339,0.0
3431665628324479488,0.0007042328221041426,0.03135675956487339,0.0
3431636871228186112,0.0007042328221041426,0.03135675956487339,0.0
3433716879849695744,0.0006926640670590227,0.03135675956487339,0.0
3433712770446868992,0.0006926640670590227,0.03135675956487339,0.0
3433709483161106432,0.0006926640670590227,0.03135675956487339,0.0
3433268143017504256,0.0006926640670590227,0.03135675956487339,0.0
3433265567832235008,0.0006926640670590227,0.03135675956487339,0.0
3433247449638681600,0.0006926640670590227,0.03135675956487339,0.0
3433234374256724992,0.0006926640670590227,0.03135675956487339,0.0
3433230224370250752,0.0006926640670590227,0.03135675956487339,0.0
3433225044916467712,0.0006926640670590227,0.03135675956487339,0.0
3433223726042883072,0.0006926640670590227,0.03135675956487339,0.0
3433150619147779584,0.0006926640670590227,0.03135675956487339,0.0
3433052592634524672,0.0006926640670590227,0.03135675956487339,0.0
3433002385054025728,0.0006926640670590227,0.03135675956487339,0.0
3432498416544629248,0.0006926640670590227,0.03135675956487339,0.0
3432491520420838912,0.0006926640670590227,0.03135675956487339,0.0
3432490338977623040,0.0006926640670590227,0.03135675956487339,0.0
3432418342306513920,0.0006926640670590227,0.03135675956487339,0.0
3432407938796704768,0.0006926640670590227,0.03135675956487339,0.0
3432270121852663296,0.0006926640670590227,0.03135675956487339,0.0
3432268462225216512,0.0006926640670590227,0.03135675956487339,0.0
3432264946232465408,0.0006926640670590227,0.03135675956487339,0.0
3431830252122982400,0.0006926640670590227,0.03135675956487339,0.0
3431825264357351936,0.0006926640670590227,0.03135675956487339,0.0
3431823425675128832,0.0006926640670590227,0.03135675956487339,0.0
3431634838073260544,0.0006926640670590227,0.03135675956487339,0.0
16562629930,0.0006810953120139028,0.0003969210071502961,0.0
3433743381887393792,0.0007042328221041426,0.03135675956487339,0.0
3433683034894299136,0.0007042328221041426,0.03135675956487339,0.0
3433592483932515840,0.0007042328221041426,0.03135675956487339,0.0
3433049194534392320,0.0007042328221041426,0.03135675956487339,0.0
3433002732074417152,0.0007042328221041426,0.03135675956487339,0.0
3432928026267726848,0.0007042328221041426,0.03135675956487339,0.0
3432897811121756672,0.0007042328221041426,0.03135675956487339,0.0
3432867664486940160,0.0007042328221041426,0.03135675956487339,0.0
3430935325256281600,0.0007042328221041426,0.03135675956487339,0.0
3430904955390346752,0.0007042328221041426,0.03135675956487339,0.0
3430874746873371136,0.0007042328221041426,0.03135675956487339,0.0
3430844663997863936,0.0007042328221041426,0.03135675956487339,0.0
3430783798264872960,0.0007042328221041426,0.03135675956487339,0.0
3430753691624978944,0.0007042328221041426,0.03135675956487339,0.0
3430723575204634112,0.0007042328221041426,0.03135675956487339,0.0
3430693321406453760,0.0007042328221041426,0.03135675956487339,0.0
3430270780099778560,0.0007042328221041426,0.03135675956487339,0.0
3430240384111423488,0.0007042328221041426,0.03135675956487339,0.0
3430210745852223488,0.0007042328221041426,0.03135675956487339,0.0
3430194288710066176,0.0007042328221041426,0.03135675956487339,0.0
3430180600758729728,0.0007042328221041426,0.03135675956487339,0.0
3430149807354596864,0.0007042328221041426,0.03135675956487339,0.0
3430119576329658880,0.0007042328221041426,0.03135675956487339,0.0
3430059393341770752,0.0007042328221041426,0.03135675956487339,0.0
3430029508959499776,0.0007042328221041426,0.03135675956487339,0.0
3417234602901695488,0.0006945473527640423,0.03135675956487339,0.0
3433639085241128448,0.0006945473527640423,0.03135675956487339,0.0
3433170286633059840,0.0006945473527640423,0.03135675956487339,0.0
3432947506193048576,0.0006945473527640423,0.03135675956487339,0.0
3432394518256846336,0.0006945473527640423,0.03135675956487339,0.0
3432250761648589312,0.0006945473527640423,0.03135675956487339,0.0
3431788873048422400,0.0006945473527640423,0.03135675956487339,0.0
3431591018416428544,0.0006945473527640423,0.03135675956487339,0.0
3431515847086285312,0.0006945473527640423,0.03135675956487339,0.0
3431428924656268800,0.0006945473527640423,0.03135675956487339,0.0
3430295687192979968,0.0006945473527640423,0.03135675956487339,0.0
3430025820430921216,0.0006945473527640423,0.03135675956487339,0.0
3429894876751337984,0.0006945473527640423,0.03135675956487339,0.0
3429544470997187584,0.0006945473527640423,0.03135675956487339,0.0
3429543855466243584,0.0006945473527640423,0.03135675956487339,0.0
3429543006388110848,0.0006945473527640423,0.03135675956487339,0.0
3429383448377409024,0.0006945473527640423,0.03135675956487339,0.0
3428636604341920256,0.0006945473527640423,0.03135675956487339,0.0
3427980251331928064,0.0006945473527640423,0.03135675956487339,0.0
3427858399100074496,0.0006945473527640423,0.03135675956487339,0.0
3426862493457282048,0.0006945473527640423,0.03135675956487339,0.0
3426717420703034368,0.0006945473527640423,0.03135675956487339,0.0
3426687589245203456,0.0006945473527640423,0.03135675956487339,0.0
3426623302409455616,0.0006945473527640423,0.03135675956487339,0.0
3426450800744029184,0.0006945473527640423,0.03135675956487339,0.0
45377181,0.0006810953120139028,0.0003969210071502961,0.0
3433637746629383168,0.0008739078960992339,0.03135675956487339,0.0
3430808292965811712,0.0008739078960992339,0.03135675956487339,0.0
3427429118251550720,0.0008739078960992339,0.03135675956487339,0.0
174390251,0.0006810953120139028,0.0003969210071502961,0.0
3433655644747972608,0.0007453661733756798,0.03135675956487339,0.0
3432921008023358464,0.0007453661733756798,0.03135675956487339,0.0
3419434100392168960,0.0007453661733756798,0.03135675956487339,0.0
3276029653956300288,0.0007453661733756798,0.03135675956487339,0.0
3274108928886466048,0.0007453661733756798,0.03135675956487339,0.0
3272811285367480832,0.0007453661733756798,0.03135675956487339,0.0
3272130281552039936,0.0007453661733756798,0.03135675956487339,0.0
3271443446186230784,0.0007453661733756798,0.03135675956487339,0.0
3271442988923312128,0.0007453661733756798,0.03135675956487339,0.0
3276029078890854912,0.0006926640670590227,0.03135675956487339,0.0
3433746428820731904,0.0006926640670590227,0.03135675956487339,0.0
3433715801887169536,0.0006926640670590227,0.03135675956487339,0.0
3433336084340399104,0.0006926640670590227,0.03135675956487339,0.0
3433336390440677888,0.0006926640670590227,0.03135675956487339,0.0
3433336010612684800,0.0006926640670590227,0.03135675956487339,0.0
3433114924084182528,0.0006926640670590227,0.03135675956487339,0.0
3433112101829329920,0.0006926640670590227,0.03135675956487339,0.0
3433070617990208512,0.0006926640670590227,0.03135675956487339,0.0
3433044301408559104,0.0006926640670590227,0.03135675956487339,0.0
3433042871318737920,0.0006926640670590227,0.03135675956487339,0.0
3433042466836579840,0.0006926640670590227,0.03135675956487339,0.0
3432483644137116160,0.0006926640670590227,0.03135675956487339,0.0
3432483636402723328,0.0006926640670590227,0.03135675956487339,0.0
3432448011570134016,0.0006926640670590227,0.03135675956487339,0.0
3432319277449876480,0.0006926640670590227,0.03135675956487339,0.0
3432317489544066048,0.0006926640670590227,0.03135675956487339,0.0
3432306551386521088,0.0006926640670590227,0.03135675956487339,0.0
3431807520218417152,0.0006926640670590227,0.03135675956487339,0.0
3431790190050446336,0.0006926640670590227,0.03135675956487339,0.0
3431783008135301120,0.0006926640670590227,0.03135675956487339,0.0
3431782954850894848,0.0006926640670590227,0.03135675956487339,0.0
3431782775024452096,0.0006926640670590227,0.03135675956487339,0.0
3431737726135762432,0.0006926640670590227,0.03135675956487339,0.0
3431733231477721088,0.0006926640670590227,0.03135675956487339,0.0
3433729870238461952,0.0006914245575899028,0.03135675956487339,0.0
3433729907953673728,0.0006914245575899028,0.03135675956487339,0.0
3433622888231809024,0.0006914245575899028,0.03135675956487339,0.0
3433622928270597120,0.0006914245575899028,0.03135675956487339,0.0
3433210421693785088,0.0006914245575899028,0.03135675956487339,0.0
3433210465977218048,0.0006914245575899028,0.03135675956487339,0.0
3432995903243802112,0.0006914245575899028,0.03135675956487339,0.0
3432569394309697536,0.0006914245575899028,0.03135675956487339,0.0
3432552895654319104,0.0006914245575899028,0.03135675956487339,0.0
3432486807684199424,0.0006914245575899028,0.03135675956487339,0.0
3432436786917665792,0.0006914245575899028,0.03135675956487339,0.0
3432436830882252288,0.0006914245575899028,0.03135675956487339,0.0
3432274499464536576,0.0006914245575899028,0.03135675956487339,0.0
3432224099113892864,0.0006914245575899028,0.03135675956487339,0.0
3432231427905039872,0.0006914245575899028,0.03135675956487339,0.0
3432201952031065600,0.0006914245575899028,0.03135675956487339,0.0
3431744205606907904,0.0006914245575899028,0.03135675956487339,0.0
3431738370138882560,0.0006914245575899028,0.03135675956487339,0.0
3431701264767216640,0.0006914245575899028,0.03135675956487339,0.0
3431690147689076736,0.0006914245575899028,0.03135675956487339,0.0
3431600116089673728,0.0006914245575899028,0.03135675956487339,0.0
3431457454447526912,0.0006914245575899028,0.03135675956487339,0.0
3431467965667048960,0.0006914245575899028,0.03135675956487339,0.0
3431046000355468800,0.0006914245575899028,0.03135675956487339,0.0
3431041174481612288,0.0006914245575899028,0.03135675956487339,0.0
3431040499064361472,0.0006914245575899028,0.03135675956487339,0.0
3431029306060956160,0.0006914245575899028,0.03135675956487339,0.0
3431014243761525248,0.0006914245575899028,0.03135675956487339,0.0
3430928155839636480,0.0006914245575899028,0.03135675956487339,0.0
3430926185246621184,0.0006914245575899028,0.03135675956487339,0.0
3430915512420726784,0.0006914245575899028,0.03135675956487339,0.0
3432993453685984256,0.0006926640670590227,0.03135675956487339,0.0
3428680721860080640,0.0006926640670590227,0.03135675956487339,0.0
3428675400294928896,0.0006926640670590227,0.03135675956487339,0.0
3428128405524078592,0.0006926640670590227,0.03135675956487339,0.0
3419189305173750784,0.0006926640670590227,0.03135675956487339,0.0
3407873072906156032,0.0006926640670590227,0.03135675956487339,0.0
3401849294803918848,0.0006926640670590227,0.03135675956487339,0.0
3389824883355578880,0.0006926640670590227,0.03135675956487339,0.0
3369509318938498048,0.0006926640670590227,0.03135675956487339,0.0
3368495811455384576,0.0006926640670590227,0.03135675956487339,0.0
3365110827722113536,0.0006926640670590227,0.03135675956487339,0.0
3360587362209967616,0.0006926640670590227,0.03135675956487339,0.0
3357871824878830592,0.0006926640670590227,0.03135675956487339,0.0
3356202644911838208,0.0006926640670590227,0.03135675956487339,0.0
3346524272174657024,0.0006926640670590227,0.03135675956487339,0.0
3339671129923249152,0.0006926640670590227,0.03135675956487339,0.0
3337523449310582272,0.0006926640670590227,0.03135675956487339,0.0
3337366200751571456,0.0006926640670590227,0.03135675956487339,0.0
3335108789177183232,0.0006926640670590227,0.03135675956487339,0.0
3332588101509924352,0.0006926640670590227,0.03135675956487339,0.0
3330989559813153280,0.0006926640670590227,0.03135675956487339,0.0
3329404980056667136,0.0006926640670590227,0.03135675956487339,0.0
3328231441756841984,0.0006926640670590227,0.03135675956487339,0.0
3322885616130307072,0.0006926640670590227,0.03135675956487339,0.0
3321637567127049216,0.0006926640670590227,0.03135675956487339,0.0
2233746539,0.0006810953120139028,0.0003969210071502961,0.0
3433743378026646016,0.0007042328221041426,0.03135675956487339,0.0
3433739555681996288,0.0007042328221041426,0.03135675956487339,0.0
3433729497078251520,0.0007042328221041426,0.03135675956487339,0.0
3433721947146428416,0.0007042328221041426,0.03135675956487339,0.0
3433716918469646336,0.0007042328221041426,0.03135675956487339,0.0
3433709639548602368,0.0007042328221041426,0.03135675956487339,0.0
3433703825505173504,0.0007042328221041426,0.03135675956487339,0.0
3433701821198235648,0.0007042328221041426,0.03135675956487339,0.0
3433697789759148544,0.0007042328221041426,0.03135675956487339,0.0
3433685165726189056,0.0007042328221041426,0.03135675956487339,0.0
3433685048226825728,0.0007042328221041426,0.03135675956487339,0.0
3433678438397940736,0.0007042328221041426,0.03135675956487339,0.0
3433671448783432704,0.0007042328221041426,0.03135675956487339,0.0
3433656800445051904,0.0007042328221041426,0.03135675956487339,0.0
3433656520223744000,0.0007042328221041426,0.03135675956487339,0.0
3433648963614564352,0.0007042328221041426,0.03135675956487339,0.0
3433611220540782080,0.0007042328221041426,0.03135675956487339,0.0
3433609981979733504,0.0007042328221041426,0.03135675956487339,0.0
3433602524674892288,0.0007042328221041426,0.03135675956487339,0.0
3433602433381697536,0.0007042328221041426,0.03135675956487339,0.0
3433596614808264704,0.0007042328221041426,0.03135675956487339,0.0
3433582361414130688,0.0007042328221041426,0.03135675956487339,0.0
3433575760980418048,0.0007042328221041426,0.03135675956487339,0.0
3433557626169027584,0.0007042328221041426,0.03135675956487339,0.0
3433534992454596608,0.0007042328221041426,0.03135675956487339,0.0
3292726485558133760,0.0006926640670590227,0.03135675956487339,0.0
3433678603176728576,0.0006926640670590227,0.03135675956487339,0.0
3432879548964109312,0.0006926640670590227,0.03135675956487339,0.0
3432309370412891136,0.0006926640670590227,0.03135675956487339,0.0
3431729335171949568,0.0006926640670590227,0.03135675956487339,0.0
3429544594804902912,0.0006926640670590227,0.03135675956487339,0.0
3429423865732128768,0.0006926640670590227,0.03135675956487339,0.0
3429288145805824000,0.0006926640670590227,0.03135675956487339,0.0
3428903016331634688,0.0006926640670590227,0.03135675956487339,0.0
3428681515379266048,0.0006926640670590227,0.03135675956487339,0.0
3427996094476705280,0.0006926640670590227,0.03135675956487339,0.0
3427328343261250560,0.0006926640670590227,0.03135675956487339,0.0
3426454113682406912,0.0006926640670590227,0.03135675956487339,0.0
3425875620040878080,0.0006926640670590227,0.03135675956487339,0.0
3425202223896231424,0.0006926640670590227,0.03135675956487339,0.0
3425198032008007168,0.0006926640670590227,0.03135675956487339,0.0
3422752011323918848,0.0006926640670590227,0.03135675956487339,0.0
3422076689079086080,0.0006926640670590227,0.03135675956487339,0.0
3421480202813221888,0.0006926640670590227,0.03135675956487339,0.0
3421306013997211136,0.0006926640670590227,0.03135675956487339,0.0
3419968618257204224,0.0006926640670590227,0.03135675956487339,0.0
3417739754734922240,0.0006926640670590227,0.03135675956487339,0.0
3417738700043779584,0.0006926640670590227,0.03135675956487339,0.0
3417240332674779136,0.0006926640670590227,0.03135675956487339,0.0
3417043607477501952,0.0006926640670590227,0.03135675956487339,0.0
3433743937749387776,0.000695203549873805,0.03135675956487339,0.0
3432939802623895040,0.000695203549873805,0.03135675956487339,0.0
3427766290783371776,0.000695203549873805,0.03135675956487339,0.0
3425623864199194624,0.000695203549873805,0.03135675956487339,0.0
3423431094617251840,0.000695203549873805,0.03135675956487339,0.0
3418014393012669952,0.000695203549873805,0.03135675956487339,0.0
3417221686644269568,0.000695203549873805,0.03135675956487339,0.0
3416989133047911424,0.000695203549873805,0.03135675956487339,0.0
3414072422594441728,0.000695203549873805,0.03135675956487339,0.0
3407451398830318080,0.000695203549873805,0.03135675956487339,0.0
3407418616921165312,0.000695203549873805,0.03135675956487339,0.0
3407081389738362880,0.000695203549873805,0.03135675956487339,0.0
3406795479033467392,0.000695203549873805,0.03135675956487339,0.0
3406048447283974144,0.000695203549873805,0.03135675956487339,0.0
3404140458855797248,0.000695203549873805,0.03135675956487339,0.0
3401244233441702400,0.000695203549873805,0.03135675956487339,0.0
3399947281865257984,0.000695203549873805,0.03135675956487339,0.0
3399094840018948096,0.000695203549873805,0.03135675956487339,0.0
3398423340638019072,0.000695203549873805,0.03135675956487339,0.0
3398392403033528320,0.000695203549873805,0.03135675956487339,0.0
3397729089752333824,0.000695203549873805,0.03135675956487339,0.0
3397674989748642816,0.000695203549873805,0.03135675956487339,0.0
3396319493514988032,0.000695203549873805,0.03135675956487339,0.0
3392490926901424640,0.000695203549873805,0.03135675956487339,0.0
3391682766987947520,0.000695203549873805,0.03135675956487339,0.0
3433721054407057920,0.0006942416245651754,0.03135675956487339,0.0
3433721087164675584,0.0006942416245651754,0.03135675956487339,0.0
3428161485555607040,0.0006942416245651754,0.03135675956487339,0.0
3398223751906998784,0.0006942416245651754,0.03135675956487339,0.0
3396050227528333312,0.0006942416245651754,0.03135675956487339,0.0
3390938081584947712,0.0006942416245651754,0.03135675956487339,0.0
3388693610696574976,0.0006942416245651754,0.03135675956487339,0.0
3388224394646367232,0.0006942416245651754,0.03135675956487339,0.0
3388224425441030144,0.0006942416245651754,0.03135675956487339,0.0
3382804304346205184,0.0006942416245651754,0.03135675956487339,0.0
3353980881423600640,0.0006942416245651754,0.03135675956487339,0.0
3276701993815771648,0.0006942416245651754,0.03135675956487339,0.0
3273702725509239808,0.0006942416245651754,0.03135675956487339,0.0
3270043214797959680,0.0006942416245651754,0.03135675956487339,0.0
3270043248360753152,0.0006942416245651754,0.03135675956487339,0.0
3269164987132945920,0.0006942416245651754,0.03135675956487339,0.0
3260609714059695616,0.0006942416245651754,0.03135675956487339,0.0
3260509945677124096,0.0006942416245651754,0.03135675956487339,0.0
3259876917351181312,0.0006942416245651754,0.03135675956487339,0.0
3433732174672225280,0.0006924372287248047,0.03135675956487339,0.0
3433681881008317440,0.0006924372287248047,0.03135675956487339,0.0
3433673764358380032,0.0006924372287248047,0.03135675956487339,0.0
3433105794083064320,0.0006924372287248047,0.03135675956487339,0.0
3432979765129689600,0.0006924372287248047,0.03135675956487339,0.0
3432913657924193792,0.0006924372287248047,0.03135675956487339,0.0
3432617408176152064,0.0006924372287248047,0.03135675956487339,0.0
3432496355135271936,0.0006924372287248047,0.03135675956487339,0.0
3432240571948262912,0.0006924372287248047,0.03135675956487339,0.0
3431727078249785344,0.0006924372287248047,0.03135675956487339,0.0
3431695673473931264,0.0006924372287248047,0.03135675956487339,0.0
3431453996536576000,0.0006924372287248047,0.03135675956487339,0.0
3431020629647251968,0.0006924372287248047,0.03135675956487339,0.0
3430781714894010880,0.0006924372287248047,0.03135675956487339,0.0
3430458948168930304,0.0006924372287248047,0.03135675956487339,0.0
3430471456858421760,0.0006924372287248047,0.03135675956487339,0.0
3430314599074255360,0.0006924372287248047,0.03135675956487339,0.0
3430249558119600640,0.0006924372287248047,0.03135675956487339,0.0
3430058199291064320,0.0006924372287248047,0.03135675956487339,0.0
3430050117823657472,0.0006924372287248047,0.03135675956487339,0.0
3430024173469787136,0.0006924372287248047,0.03135675956487339,0.0
3429844907322900992,0.0006924372287248047,0.03135675956487339,0.0
3429809428309303808,0.0006924372287248047,0.03135675956487339,0.0
3429348578679144448,0.0006924372287248047,0.03135675956487339,0.0
3428926970588285952,0.0006924372287248047,0.03135675956487339,0.0
3428803811905955328,0.0006924372287248047,0.03135675956487339,0.0
3389490222992459264,0.0007453661733756798,0.03135675956487339,0.0
3389490538345419776,0.0007453661733756798,0.03135675956487339,0.0
3388106370998993408,0.0007453661733756798,0.03135675956487339,0.0
3433687192210442240,0.0007389390872395022,0.03135675956487339,0.0
3270636010730918912,0.0007389390872395022,0.03135675956487339,0.0
3262289086923542528,0.0007389390872395022,0.03135675956487339,0.0
3259730103406538752,0.0007389390872395022,0.03135675956487339,0.0
3259233075287214080,0.0007389390872395022,0.03135675956487339,0.0
3258542742786036736,0.0007389390872395022,0.03135675956487339,0.0
3258387903712358400,0.0007389390872395022,0.03135675956487339,0.0
3428629884697603584,0.0006916123620549209,0.03135675956487339,0.0
3429441368386284032,0.0006916123620549209,0.03135675956487339,0.0
3433746546035901440,0.0006916123620549209,0.03135675956487339,0.0
3433301775647746048,0.0006916123620549209,0.03135675956487339,0.0
3432946073418737664,0.0006916123620549209,0.03135675956487339,0.0
3432535774580597760,0.0006916123620549209,0.03135675956487339,0.0
3432561890716365312,0.0006916123620549209,0.03135675956487339,0.0
3432433233108893184,0.0006916123620549209,0.03135675956487339,0.0
3432384248469809664,0.0006916123620549209,0.03135675956487339,0.0
3432304557004168192,0.0006916123620549209,0.03135675956487339,0.0
3432245277563692544,0.0006916123620549209,0.03135675956487339,0.0
3432230331715013120,0.0006916123620549209,0.03135675956487339,0.0
3432233171233788928,0.0006916123620549209,0.03135675956487339,0.0
3432220148733467136,0.0006916123620549209,0.03135675956487339,0.0
3432145445838726656,0.0006916123620549209,0.03135675956487339,0.0
3431792041173993472,0.0006916123620549209,0.03135675956487339,0.0
3431483224494212096,0.0006916123620549209,0.03135675956487339,0.0
3431424946502455296,0.0006916123620549209,0.03135675956487339,0.0
3431432347746177536,0.0006916123620549209,0.03135675956487339,0.0
3430992063694521344,0.0006916123620549209,0.03135675956487339,0.0
3430904689010634240,0.0006916123620549209,0.03135675956487339,0.0
3430873943092989440,0.0006916123620549209,0.03135675956487339,0.0
3430732471181985280,0.0006916123620549209,0.03135675956487339,0.0
3430692881221972992,0.0006916123620549209,0.03135675956487339,0.0
3430250305150981632,0.0006916123620549209,0.03135675956487339,0.0
3430211834910616064,0.0006916123620549209,0.03135675956487339,0.0
3430143572512350720,0.0006916123620549209,0.03135675956487339,0.0
3430035626587848704,0.0006916123620549209,0.03135675956487339,0.0
3430112632163562496,0.0006916123620549209,0.03135675956487339,0.0
3429935679628632576,0.0006916123620549209,0.03135675956487339,0.0
3433667518285615616,0.0006991714917719026,0.03135675956487339,0.0
3432871495875423232,0.0006991714917719026,0.03135675956487339,0.0
3420850902250449408,0.0006991714917719026,0.03135675956487339,0.0
3420079515554426368,0.0006991714917719026,0.03135675956487339,0.0
3368487652544592896,0.0006991714917719026,0.03135675956487339,0.0
3362679593536748032,0.0006991714917719026,0.03135675956487339,0.0
3306719515063491072,0.0006991714917719026,0.03135675956487339,0.0
3297062643461019648,0.0006991714917719026,0.03135675956487339,0.0
3295574832002152960,0.0006991714917719026,0.03135675956487339,0.0
3295274438265008640,0.0006991714917719026,0.03135675956487339,0.0
3290443944583180288,0.0006991714917719026,0.03135675956487339,0.0
3288630962291131904,0.0006991714917719026,0.03135675956487339,0.0
3286148216088064512,0.0006991714917719026,0.03135675956487339,0.0
3283718901660569600,0.0006991714917719026,0.03135675956487339,0.0
3281766084897091072,0.0006991714917719026,0.03135675956487339,0.0
3281053810096074752,0.0006991714917719026,0.03135675956487339,0.0
3278640445918642688,0.0006991714917719026,0.03135675956487339,0.0
3275961833662723584,0.0006991714917719026,0.03135675956487339,0.0
3275757375234350080,0.0006991714917719026,0.03135675956487339,0.0
3274952697273669120,0.0006991714917719026,0.03135675956487339,0.0
3274173633676071936,0.0006991714917719026,0.03135675956487339,0.0
3273670310862729216,0.0006991714917719026,0.03135675956487339,0.0
3273589527418260992,0.0006991714917719026,0.03135675956487339,0.0
3270692870695645696,0.0006991714917719026,0.03135675956487339,0.0
3270692335644914688,0.0006991714917719026,0.03135675956487339,0.0
3433716424524638720,0.0006976221049355026,0.03135675956487339,0.0
3432171046344246272,0.0006976221049355026,0.03135675956487339,0.0
3431089889829640192,0.0006976221049355026,0.03135675956487339,0.0
3430100634667833344,0.0006976221049355026,0.03135675956487339,0.0
3429321305436258304,0.0006976221049355026,0.03135675956487339,0.0
3427340905201671168,0.0006976221049355026,0.03135675956487339,0.0
3425336287785577984,0.0006976221049355026,0.03135675956487339,0.0
3424421698340245504,0.0006976221049355026,0.03135675956487339,0.0
3423883054462307328,0.0006976221049355026,0.03135675956487339,0.0
3423544151587020800,0.0006976221049355026,0.03135675956487339,0.0
3423108558554336256,0.0006976221049355026,0.03135675956487339,0.0
3423078846498997248,0.0006976221049355026,0.03135675956487339,0.0
3422397381209726464,0.0006976221049355026,0.03135675956487339,0.0
3422250902926707200,0.0006976221049355026,0.03135675956487339,0.0
3422100025054458368,0.0006976221049355026,0.03135675956487339,0.0
3420958940827702784,0.0006976221049355026,0.03135675956487339,0.0
3420655847208310784,0.0006976221049355026,0.03135675956487339,0.0
3419799806279364096,0.0006976221049355026,0.03135675956487339,0.0
3419124328182725632,0.0006976221049355026,0.03135675956487339,0.0
3417753467357518848,0.0006976221049355026,0.03135675956487339,0.0
3417215797917497856,0.0006976221049355026,0.03135675956487339,0.0
3414005687183057920,0.0006976221049355026,0.03135675956487339,0.0
3412240265530332160,0.0006976221049355026,0.03135675956487339,0.0
3407759063335304704,0.0006976221049355026,0.03135675956487339,0.0
3406824393080889856,0.0006976221049355026,0.03135675956487339,0.0
3433699559040729600,0.0006959270492512361,0.03135675956487339,0.0
3433580117510142976,0.0006959270492512361,0.03135675956487339,0.0
3433580167715974144,0.0006959270492512361,0.03135675956487339,0.0
3433156506370646016,0.0006959270492512361,0.03135675956487339,0.0
3433156570946161664,0.0006959270492512361,0.03135675956487339,0.0
3433034279092331520,0.0006959270492512361,0.03135675956487339,0.0
3433034359958452736,0.0006959270492512361,0.03135675956487339,0.0
3432975656337275904,0.0006959270492512361,0.03135675956487339,0.0
3432914690887066624,0.0006959270492512361,0.03135675956487339,0.0
3432914758062890496,0.0006959270492512361,0.03135675956487339,0.0
3432854043876829696,0.0006959270492512361,0.03135675956487339,0.0
3432369862163999232,0.0006959270492512361,0.03135675956487339,0.0
3432239065335337984,0.0006959270492512361,0.03135675956487339,0.0
3432197416567823872,0.0006959270492512361,0.03135675956487339,0.0
3432130792313717248,0.0006959270492512361,0.03135675956487339,0.0
3431709248555022848,0.0006959270492512361,0.03135675956487339,0.0
3431709298483897344,0.0006959270492512361,0.03135675956487339,0.0
3431584252943833088,0.0006959270492512361,0.03135675956487339,0.0
3431462721257291264,0.0006959270492512361,0.03135675956487339,0.0
3430919166025740288,0.0006959270492512361,0.03135675956487339,0.0
3430919224385292288,0.0006959270492512361,0.03135675956487339,0.0
3430868309821181952,0.0006959270492512361,0.03135675956487339,0.0
3430740516349360640,0.0006959270492512361,0.03135675956487339,0.0
3430196365803351040,0.0006959270492512361,0.03135675956487339,0.0
3430074555673617920,0.0006959270492512361,0.03135675956487339,0.0
3429953743687795712,0.0006959270492512361,0.03135675956487339,0.0
3429572675474308608,0.0006959270492512361,0.03135675956487339,0.0
3429506389415492608,0.0006959270492512361,0.03135675956487339,0.0
3429354355533982208,0.0006959270492512361,0.03135675956487339,0.0
3429354409892242432,0.0006959270492512361,0.03135675956487339,0.0
3429297608278431232,0.0006959270492512361,0.03135675956487339,0.0
3428690890469271552,0.0006959270492512361,0.03135675956487339,0.0
